[ 
    {
        "idProduct":2,
        "productName":"Baskets adidas taille 37.5",
        "imgUrlList": ["https://res.cloudinary.com/dvgi0ogae/image/upload/c_pad,h_180,w_350/c_scale,g_center,l_logo_ecochou_watermark,o_40/v1/remote_media/folder5f2ebaec6db8f/1596898007889.jpg"],
        "idCategory":4,
        "categoryName":"Adolescent",
        "price":20,
        "idTown":3,
        "townName":"Toulouse",
        "like" : true,
        "date":"29-10-2020",
        "favNumber":1
    },
    
    {
        "idProduct":3,
        "productName":"Lit evolutif galipette",
        "imgUrlList": ["https://res.cloudinary.com/dvgi0ogae/image/upload/c_pad,h_180,w_350/c_scale,g_center,l_logo_ecochou_watermark,o_40/v1/remote_media/folder5f58e1b1a1533/1599660455592.jpg"],
        "idCategory":7,
        "categoryName":"Chambre enfant",
        "price":100,
        "idTown":4,
        "townName":"Le grand-Quevilly",
        "like" : false,
        "date":"30-10-2020",
        "favNumber":3
        
    }
    ]